node_index,node_name,fallback_classification,confidence,input_names,output_names,parent_ops,child_ops,evidence
190,/model/layers.0/self_attn/q_proj/MatMul,attention_internal_matmul,candidate,/model/layers.0/input_layernorm/Mul_1_output_0; onnx::MatMul_9586,/model/layers.0/self_attn/q_proj/MatMul_output_0,Mul,Reshape,self_attn MatMul name found but fallback pattern is not sufficient for confirmation
214,/model/layers.0/self_attn/k_proj/MatMul,attention_internal_matmul,candidate,/model/layers.0/input_layernorm/Mul_1_output_0; onnx::MatMul_9593,/model/layers.0/self_attn/k_proj/MatMul_output_0,Mul,Reshape,self_attn MatMul name found but fallback pattern is not sufficient for confirmation
217,/model/layers.0/self_attn/v_proj/MatMul,attention_internal_matmul,candidate,/model/layers.0/input_layernorm/Mul_1_output_0; onnx::MatMul_9594,/model/layers.0/self_attn/v_proj/MatMul_output_0,Mul,Reshape,self_attn MatMul name found but fallback pattern is not sufficient for confirmation
400,/model/layers.0/self_attn/MatMul,attention_qk_score,confirmed,/model/layers.0/self_attn/Mul_8_output_0; /model/layers.0/self_attn/Mul_9_output_0,/model/layers.0/self_attn/MatMul_output_0,Mul; Mul,Add,self_attn/MatMul feeds Add mask path; parents are scaled Q/K-like Mul nodes
409,/model/layers.0/self_attn/MatMul_1,attention_v_weighted_sum,confirmed,/model/layers.0/self_attn/Where_3_output_0; /model/layers.0/self_attn/Reshape_6_output_0,/model/layers.0/self_attn/MatMul_1_output_0,Where; Reshape,Transpose,self_attn/MatMul_1 follows masked attention probability path and feeds Transpose output path
418,/model/layers.0/self_attn/o_proj/MatMul,attention_internal_matmul,candidate,/model/layers.0/self_attn/Reshape_7_output_0; onnx::MatMul_9621,/model/layers.0/self_attn/o_proj/MatMul_output_0,Reshape,Cast,self_attn MatMul name found but fallback pattern is not sufficient for confirmation
488,/model/layers.1/self_attn/q_proj/MatMul,attention_internal_matmul,candidate,/model/layers.1/input_layernorm/Mul_1_output_0; onnx::MatMul_9633,/model/layers.1/self_attn/q_proj/MatMul_output_0,Mul,Reshape,self_attn MatMul name found but fallback pattern is not sufficient for confirmation
512,/model/layers.1/self_attn/k_proj/MatMul,attention_internal_matmul,candidate,/model/layers.1/input_layernorm/Mul_1_output_0; onnx::MatMul_9640,/model/layers.1/self_attn/k_proj/MatMul_output_0,Mul,Reshape,self_attn MatMul name found but fallback pattern is not sufficient for confirmation
515,/model/layers.1/self_attn/v_proj/MatMul,attention_internal_matmul,candidate,/model/layers.1/input_layernorm/Mul_1_output_0; onnx::MatMul_9641,/model/layers.1/self_attn/v_proj/MatMul_output_0,Mul,Reshape,self_attn MatMul name found but fallback pattern is not sufficient for confirmation
694,/model/layers.1/self_attn/MatMul,attention_qk_score,confirmed,/model/layers.1/self_attn/Mul_8_output_0; /model/layers.1/self_attn/Mul_9_output_0,/model/layers.1/self_attn/MatMul_output_0,Mul; Mul,Add,self_attn/MatMul feeds Add mask path; parents are scaled Q/K-like Mul nodes
703,/model/layers.1/self_attn/MatMul_1,attention_v_weighted_sum,confirmed,/model/layers.1/self_attn/Where_3_output_0; /model/layers.1/self_attn/Reshape_6_output_0,/model/layers.1/self_attn/MatMul_1_output_0,Where; Reshape,Transpose,self_attn/MatMul_1 follows masked attention probability path and feeds Transpose output path
712,/model/layers.1/self_attn/o_proj/MatMul,attention_internal_matmul,candidate,/model/layers.1/self_attn/Reshape_7_output_0; onnx::MatMul_9668,/model/layers.1/self_attn/o_proj/MatMul_output_0,Reshape,Cast,self_attn MatMul name found but fallback pattern is not sufficient for confirmation
782,/model/layers.2/self_attn/q_proj/MatMul,attention_internal_matmul,candidate,/model/layers.2/input_layernorm/Mul_1_output_0; onnx::MatMul_9680,/model/layers.2/self_attn/q_proj/MatMul_output_0,Mul,Reshape,self_attn MatMul name found but fallback pattern is not sufficient for confirmation
806,/model/layers.2/self_attn/k_proj/MatMul,attention_internal_matmul,candidate,/model/layers.2/input_layernorm/Mul_1_output_0; onnx::MatMul_9687,/model/layers.2/self_attn/k_proj/MatMul_output_0,Mul,Reshape,self_attn MatMul name found but fallback pattern is not sufficient for confirmation
809,/model/layers.2/self_attn/v_proj/MatMul,attention_internal_matmul,candidate,/model/layers.2/input_layernorm/Mul_1_output_0; onnx::MatMul_9688,/model/layers.2/self_attn/v_proj/MatMul_output_0,Mul,Reshape,self_attn MatMul name found but fallback pattern is not sufficient for confirmation
988,/model/layers.2/self_attn/MatMul,attention_qk_score,confirmed,/model/layers.2/self_attn/Mul_8_output_0; /model/layers.2/self_attn/Mul_9_output_0,/model/layers.2/self_attn/MatMul_output_0,Mul; Mul,Add,self_attn/MatMul feeds Add mask path; parents are scaled Q/K-like Mul nodes
997,/model/layers.2/self_attn/MatMul_1,attention_v_weighted_sum,confirmed,/model/layers.2/self_attn/Where_3_output_0; /model/layers.2/self_attn/Reshape_6_output_0,/model/layers.2/self_attn/MatMul_1_output_0,Where; Reshape,Transpose,self_attn/MatMul_1 follows masked attention probability path and feeds Transpose output path
1006,/model/layers.2/self_attn/o_proj/MatMul,attention_internal_matmul,candidate,/model/layers.2/self_attn/Reshape_7_output_0; onnx::MatMul_9715,/model/layers.2/self_attn/o_proj/MatMul_output_0,Reshape,Cast,self_attn MatMul name found but fallback pattern is not sufficient for confirmation
1076,/model/layers.3/self_attn/q_proj/MatMul,attention_internal_matmul,candidate,/model/layers.3/input_layernorm/Mul_1_output_0; onnx::MatMul_9727,/model/layers.3/self_attn/q_proj/MatMul_output_0,Mul,Reshape,self_attn MatMul name found but fallback pattern is not sufficient for confirmation
1100,/model/layers.3/self_attn/k_proj/MatMul,attention_internal_matmul,candidate,/model/layers.3/input_layernorm/Mul_1_output_0; onnx::MatMul_9734,/model/layers.3/self_attn/k_proj/MatMul_output_0,Mul,Reshape,self_attn MatMul name found but fallback pattern is not sufficient for confirmation
1103,/model/layers.3/self_attn/v_proj/MatMul,attention_internal_matmul,candidate,/model/layers.3/input_layernorm/Mul_1_output_0; onnx::MatMul_9735,/model/layers.3/self_attn/v_proj/MatMul_output_0,Mul,Reshape,self_attn MatMul name found but fallback pattern is not sufficient for confirmation
1282,/model/layers.3/self_attn/MatMul,attention_qk_score,confirmed,/model/layers.3/self_attn/Mul_8_output_0; /model/layers.3/self_attn/Mul_9_output_0,/model/layers.3/self_attn/MatMul_output_0,Mul; Mul,Add,self_attn/MatMul feeds Add mask path; parents are scaled Q/K-like Mul nodes
1291,/model/layers.3/self_attn/MatMul_1,attention_v_weighted_sum,confirmed,/model/layers.3/self_attn/Where_3_output_0; /model/layers.3/self_attn/Reshape_6_output_0,/model/layers.3/self_attn/MatMul_1_output_0,Where; Reshape,Transpose,self_attn/MatMul_1 follows masked attention probability path and feeds Transpose output path
1300,/model/layers.3/self_attn/o_proj/MatMul,attention_internal_matmul,candidate,/model/layers.3/self_attn/Reshape_7_output_0; onnx::MatMul_9762,/model/layers.3/self_attn/o_proj/MatMul_output_0,Reshape,Cast,self_attn MatMul name found but fallback pattern is not sufficient for confirmation
1370,/model/layers.4/self_attn/q_proj/MatMul,attention_internal_matmul,candidate,/model/layers.4/input_layernorm/Mul_1_output_0; onnx::MatMul_9774,/model/layers.4/self_attn/q_proj/MatMul_output_0,Mul,Reshape,self_attn MatMul name found but fallback pattern is not sufficient for confirmation
1394,/model/layers.4/self_attn/k_proj/MatMul,attention_internal_matmul,candidate,/model/layers.4/input_layernorm/Mul_1_output_0; onnx::MatMul_9781,/model/layers.4/self_attn/k_proj/MatMul_output_0,Mul,Reshape,self_attn MatMul name found but fallback pattern is not sufficient for confirmation
1397,/model/layers.4/self_attn/v_proj/MatMul,attention_internal_matmul,candidate,/model/layers.4/input_layernorm/Mul_1_output_0; onnx::MatMul_9782,/model/layers.4/self_attn/v_proj/MatMul_output_0,Mul,Reshape,self_attn MatMul name found but fallback pattern is not sufficient for confirmation
1576,/model/layers.4/self_attn/MatMul,attention_qk_score,confirmed,/model/layers.4/self_attn/Mul_8_output_0; /model/layers.4/self_attn/Mul_9_output_0,/model/layers.4/self_attn/MatMul_output_0,Mul; Mul,Add,self_attn/MatMul feeds Add mask path; parents are scaled Q/K-like Mul nodes
1585,/model/layers.4/self_attn/MatMul_1,attention_v_weighted_sum,confirmed,/model/layers.4/self_attn/Where_3_output_0; /model/layers.4/self_attn/Reshape_6_output_0,/model/layers.4/self_attn/MatMul_1_output_0,Where; Reshape,Transpose,self_attn/MatMul_1 follows masked attention probability path and feeds Transpose output path
1594,/model/layers.4/self_attn/o_proj/MatMul,attention_internal_matmul,candidate,/model/layers.4/self_attn/Reshape_7_output_0; onnx::MatMul_9809,/model/layers.4/self_attn/o_proj/MatMul_output_0,Reshape,Cast,self_attn MatMul name found but fallback pattern is not sufficient for confirmation
1664,/model/layers.5/self_attn/q_proj/MatMul,attention_internal_matmul,candidate,/model/layers.5/input_layernorm/Mul_1_output_0; onnx::MatMul_9821,/model/layers.5/self_attn/q_proj/MatMul_output_0,Mul,Reshape,self_attn MatMul name found but fallback pattern is not sufficient for confirmation
1688,/model/layers.5/self_attn/k_proj/MatMul,attention_internal_matmul,candidate,/model/layers.5/input_layernorm/Mul_1_output_0; onnx::MatMul_9828,/model/layers.5/self_attn/k_proj/MatMul_output_0,Mul,Reshape,self_attn MatMul name found but fallback pattern is not sufficient for confirmation
1691,/model/layers.5/self_attn/v_proj/MatMul,attention_internal_matmul,candidate,/model/layers.5/input_layernorm/Mul_1_output_0; onnx::MatMul_9829,/model/layers.5/self_attn/v_proj/MatMul_output_0,Mul,Reshape,self_attn MatMul name found but fallback pattern is not sufficient for confirmation
1874,/model/layers.5/self_attn/MatMul,attention_qk_score,confirmed,/model/layers.5/self_attn/Mul_8_output_0; /model/layers.5/self_attn/Mul_9_output_0,/model/layers.5/self_attn/MatMul_output_0,Mul; Mul,Add,self_attn/MatMul feeds Add mask path; parents are scaled Q/K-like Mul nodes
1883,/model/layers.5/self_attn/MatMul_1,attention_v_weighted_sum,confirmed,/model/layers.5/self_attn/Where_3_output_0; /model/layers.5/self_attn/Reshape_6_output_0,/model/layers.5/self_attn/MatMul_1_output_0,Where; Reshape,Transpose,self_attn/MatMul_1 follows masked attention probability path and feeds Transpose output path
1892,/model/layers.5/self_attn/o_proj/MatMul,attention_internal_matmul,candidate,/model/layers.5/self_attn/Reshape_7_output_0; onnx::MatMul_9856,/model/layers.5/self_attn/o_proj/MatMul_output_0,Reshape,Cast,self_attn MatMul name found but fallback pattern is not sufficient for confirmation
1962,/model/layers.6/self_attn/q_proj/MatMul,attention_internal_matmul,candidate,/model/layers.6/input_layernorm/Mul_1_output_0; onnx::MatMul_9868,/model/layers.6/self_attn/q_proj/MatMul_output_0,Mul,Reshape,self_attn MatMul name found but fallback pattern is not sufficient for confirmation
1986,/model/layers.6/self_attn/k_proj/MatMul,attention_internal_matmul,candidate,/model/layers.6/input_layernorm/Mul_1_output_0; onnx::MatMul_9875,/model/layers.6/self_attn/k_proj/MatMul_output_0,Mul,Reshape,self_attn MatMul name found but fallback pattern is not sufficient for confirmation
1989,/model/layers.6/self_attn/v_proj/MatMul,attention_internal_matmul,candidate,/model/layers.6/input_layernorm/Mul_1_output_0; onnx::MatMul_9876,/model/layers.6/self_attn/v_proj/MatMul_output_0,Mul,Reshape,self_attn MatMul name found but fallback pattern is not sufficient for confirmation
2168,/model/layers.6/self_attn/MatMul,attention_qk_score,confirmed,/model/layers.6/self_attn/Mul_8_output_0; /model/layers.6/self_attn/Mul_9_output_0,/model/layers.6/self_attn/MatMul_output_0,Mul; Mul,Add,self_attn/MatMul feeds Add mask path; parents are scaled Q/K-like Mul nodes
2177,/model/layers.6/self_attn/MatMul_1,attention_v_weighted_sum,confirmed,/model/layers.6/self_attn/Where_3_output_0; /model/layers.6/self_attn/Reshape_6_output_0,/model/layers.6/self_attn/MatMul_1_output_0,Where; Reshape,Transpose,self_attn/MatMul_1 follows masked attention probability path and feeds Transpose output path
2186,/model/layers.6/self_attn/o_proj/MatMul,attention_internal_matmul,candidate,/model/layers.6/self_attn/Reshape_7_output_0; onnx::MatMul_9903,/model/layers.6/self_attn/o_proj/MatMul_output_0,Reshape,Cast,self_attn MatMul name found but fallback pattern is not sufficient for confirmation
2256,/model/layers.7/self_attn/q_proj/MatMul,attention_internal_matmul,candidate,/model/layers.7/input_layernorm/Mul_1_output_0; onnx::MatMul_9915,/model/layers.7/self_attn/q_proj/MatMul_output_0,Mul,Reshape,self_attn MatMul name found but fallback pattern is not sufficient for confirmation
2280,/model/layers.7/self_attn/k_proj/MatMul,attention_internal_matmul,candidate,/model/layers.7/input_layernorm/Mul_1_output_0; onnx::MatMul_9922,/model/layers.7/self_attn/k_proj/MatMul_output_0,Mul,Reshape,self_attn MatMul name found but fallback pattern is not sufficient for confirmation
2283,/model/layers.7/self_attn/v_proj/MatMul,attention_internal_matmul,candidate,/model/layers.7/input_layernorm/Mul_1_output_0; onnx::MatMul_9923,/model/layers.7/self_attn/v_proj/MatMul_output_0,Mul,Reshape,self_attn MatMul name found but fallback pattern is not sufficient for confirmation
2462,/model/layers.7/self_attn/MatMul,attention_qk_score,confirmed,/model/layers.7/self_attn/Mul_8_output_0; /model/layers.7/self_attn/Mul_9_output_0,/model/layers.7/self_attn/MatMul_output_0,Mul; Mul,Add,self_attn/MatMul feeds Add mask path; parents are scaled Q/K-like Mul nodes
2471,/model/layers.7/self_attn/MatMul_1,attention_v_weighted_sum,confirmed,/model/layers.7/self_attn/Where_3_output_0; /model/layers.7/self_attn/Reshape_6_output_0,/model/layers.7/self_attn/MatMul_1_output_0,Where; Reshape,Transpose,self_attn/MatMul_1 follows masked attention probability path and feeds Transpose output path
2480,/model/layers.7/self_attn/o_proj/MatMul,attention_internal_matmul,candidate,/model/layers.7/self_attn/Reshape_7_output_0; onnx::MatMul_9950,/model/layers.7/self_attn/o_proj/MatMul_output_0,Reshape,Cast,self_attn MatMul name found but fallback pattern is not sufficient for confirmation
2550,/model/layers.8/self_attn/q_proj/MatMul,attention_internal_matmul,candidate,/model/layers.8/input_layernorm/Mul_1_output_0; onnx::MatMul_9962,/model/layers.8/self_attn/q_proj/MatMul_output_0,Mul,Reshape,self_attn MatMul name found but fallback pattern is not sufficient for confirmation
2574,/model/layers.8/self_attn/k_proj/MatMul,attention_internal_matmul,candidate,/model/layers.8/input_layernorm/Mul_1_output_0; onnx::MatMul_9969,/model/layers.8/self_attn/k_proj/MatMul_output_0,Mul,Reshape,self_attn MatMul name found but fallback pattern is not sufficient for confirmation
2577,/model/layers.8/self_attn/v_proj/MatMul,attention_internal_matmul,candidate,/model/layers.8/input_layernorm/Mul_1_output_0; onnx::MatMul_9970,/model/layers.8/self_attn/v_proj/MatMul_output_0,Mul,Reshape,self_attn MatMul name found but fallback pattern is not sufficient for confirmation
2756,/model/layers.8/self_attn/MatMul,attention_qk_score,confirmed,/model/layers.8/self_attn/Mul_8_output_0; /model/layers.8/self_attn/Mul_9_output_0,/model/layers.8/self_attn/MatMul_output_0,Mul; Mul,Add,self_attn/MatMul feeds Add mask path; parents are scaled Q/K-like Mul nodes
2765,/model/layers.8/self_attn/MatMul_1,attention_v_weighted_sum,confirmed,/model/layers.8/self_attn/Where_3_output_0; /model/layers.8/self_attn/Reshape_6_output_0,/model/layers.8/self_attn/MatMul_1_output_0,Where; Reshape,Transpose,self_attn/MatMul_1 follows masked attention probability path and feeds Transpose output path
2774,/model/layers.8/self_attn/o_proj/MatMul,attention_internal_matmul,candidate,/model/layers.8/self_attn/Reshape_7_output_0; onnx::MatMul_9997,/model/layers.8/self_attn/o_proj/MatMul_output_0,Reshape,Cast,self_attn MatMul name found but fallback pattern is not sufficient for confirmation
2844,/model/layers.9/self_attn/q_proj/MatMul,attention_internal_matmul,candidate,/model/layers.9/input_layernorm/Mul_1_output_0; onnx::MatMul_10009,/model/layers.9/self_attn/q_proj/MatMul_output_0,Mul,Reshape,self_attn MatMul name found but fallback pattern is not sufficient for confirmation
2868,/model/layers.9/self_attn/k_proj/MatMul,attention_internal_matmul,candidate,/model/layers.9/input_layernorm/Mul_1_output_0; onnx::MatMul_10016,/model/layers.9/self_attn/k_proj/MatMul_output_0,Mul,Reshape,self_attn MatMul name found but fallback pattern is not sufficient for confirmation
2871,/model/layers.9/self_attn/v_proj/MatMul,attention_internal_matmul,candidate,/model/layers.9/input_layernorm/Mul_1_output_0; onnx::MatMul_10017,/model/layers.9/self_attn/v_proj/MatMul_output_0,Mul,Reshape,self_attn MatMul name found but fallback pattern is not sufficient for confirmation
3050,/model/layers.9/self_attn/MatMul,attention_qk_score,confirmed,/model/layers.9/self_attn/Mul_8_output_0; /model/layers.9/self_attn/Mul_9_output_0,/model/layers.9/self_attn/MatMul_output_0,Mul; Mul,Add,self_attn/MatMul feeds Add mask path; parents are scaled Q/K-like Mul nodes
3059,/model/layers.9/self_attn/MatMul_1,attention_v_weighted_sum,confirmed,/model/layers.9/self_attn/Where_3_output_0; /model/layers.9/self_attn/Reshape_6_output_0,/model/layers.9/self_attn/MatMul_1_output_0,Where; Reshape,Transpose,self_attn/MatMul_1 follows masked attention probability path and feeds Transpose output path
3068,/model/layers.9/self_attn/o_proj/MatMul,attention_internal_matmul,candidate,/model/layers.9/self_attn/Reshape_7_output_0; onnx::MatMul_10044,/model/layers.9/self_attn/o_proj/MatMul_output_0,Reshape,Cast,self_attn MatMul name found but fallback pattern is not sufficient for confirmation
3138,/model/layers.10/self_attn/q_proj/MatMul,attention_internal_matmul,candidate,/model/layers.10/input_layernorm/Mul_1_output_0; onnx::MatMul_10056,/model/layers.10/self_attn/q_proj/MatMul_output_0,Mul,Reshape,self_attn MatMul name found but fallback pattern is not sufficient for confirmation
3162,/model/layers.10/self_attn/k_proj/MatMul,attention_internal_matmul,candidate,/model/layers.10/input_layernorm/Mul_1_output_0; onnx::MatMul_10063,/model/layers.10/self_attn/k_proj/MatMul_output_0,Mul,Reshape,self_attn MatMul name found but fallback pattern is not sufficient for confirmation
3165,/model/layers.10/self_attn/v_proj/MatMul,attention_internal_matmul,candidate,/model/layers.10/input_layernorm/Mul_1_output_0; onnx::MatMul_10064,/model/layers.10/self_attn/v_proj/MatMul_output_0,Mul,Reshape,self_attn MatMul name found but fallback pattern is not sufficient for confirmation
3344,/model/layers.10/self_attn/MatMul,attention_qk_score,confirmed,/model/layers.10/self_attn/Mul_8_output_0; /model/layers.10/self_attn/Mul_9_output_0,/model/layers.10/self_attn/MatMul_output_0,Mul; Mul,Add,self_attn/MatMul feeds Add mask path; parents are scaled Q/K-like Mul nodes
3353,/model/layers.10/self_attn/MatMul_1,attention_v_weighted_sum,confirmed,/model/layers.10/self_attn/Where_3_output_0; /model/layers.10/self_attn/Reshape_6_output_0,/model/layers.10/self_attn/MatMul_1_output_0,Where; Reshape,Transpose,self_attn/MatMul_1 follows masked attention probability path and feeds Transpose output path
3362,/model/layers.10/self_attn/o_proj/MatMul,attention_internal_matmul,candidate,/model/layers.10/self_attn/Reshape_7_output_0; onnx::MatMul_10091,/model/layers.10/self_attn/o_proj/MatMul_output_0,Reshape,Cast,self_attn MatMul name found but fallback pattern is not sufficient for confirmation
3432,/model/layers.11/self_attn/q_proj/MatMul,attention_internal_matmul,candidate,/model/layers.11/input_layernorm/Mul_1_output_0; onnx::MatMul_10103,/model/layers.11/self_attn/q_proj/MatMul_output_0,Mul,Reshape,self_attn MatMul name found but fallback pattern is not sufficient for confirmation
3456,/model/layers.11/self_attn/k_proj/MatMul,attention_internal_matmul,candidate,/model/layers.11/input_layernorm/Mul_1_output_0; onnx::MatMul_10110,/model/layers.11/self_attn/k_proj/MatMul_output_0,Mul,Reshape,self_attn MatMul name found but fallback pattern is not sufficient for confirmation
3459,/model/layers.11/self_attn/v_proj/MatMul,attention_internal_matmul,candidate,/model/layers.11/input_layernorm/Mul_1_output_0; onnx::MatMul_10111,/model/layers.11/self_attn/v_proj/MatMul_output_0,Mul,Reshape,self_attn MatMul name found but fallback pattern is not sufficient for confirmation
3638,/model/layers.11/self_attn/MatMul,attention_qk_score,confirmed,/model/layers.11/self_attn/Mul_8_output_0; /model/layers.11/self_attn/Mul_9_output_0,/model/layers.11/self_attn/MatMul_output_0,Mul; Mul,Add,self_attn/MatMul feeds Add mask path; parents are scaled Q/K-like Mul nodes
3647,/model/layers.11/self_attn/MatMul_1,attention_v_weighted_sum,confirmed,/model/layers.11/self_attn/Where_3_output_0; /model/layers.11/self_attn/Reshape_6_output_0,/model/layers.11/self_attn/MatMul_1_output_0,Where; Reshape,Transpose,self_attn/MatMul_1 follows masked attention probability path and feeds Transpose output path
3656,/model/layers.11/self_attn/o_proj/MatMul,attention_internal_matmul,candidate,/model/layers.11/self_attn/Reshape_7_output_0; onnx::MatMul_10138,/model/layers.11/self_attn/o_proj/MatMul_output_0,Reshape,Cast,self_attn MatMul name found but fallback pattern is not sufficient for confirmation
3726,/model/layers.12/self_attn/q_proj/MatMul,attention_internal_matmul,candidate,/model/layers.12/input_layernorm/Mul_1_output_0; onnx::MatMul_10150,/model/layers.12/self_attn/q_proj/MatMul_output_0,Mul,Reshape,self_attn MatMul name found but fallback pattern is not sufficient for confirmation
3750,/model/layers.12/self_attn/k_proj/MatMul,attention_internal_matmul,candidate,/model/layers.12/input_layernorm/Mul_1_output_0; onnx::MatMul_10157,/model/layers.12/self_attn/k_proj/MatMul_output_0,Mul,Reshape,self_attn MatMul name found but fallback pattern is not sufficient for confirmation
3753,/model/layers.12/self_attn/v_proj/MatMul,attention_internal_matmul,candidate,/model/layers.12/input_layernorm/Mul_1_output_0; onnx::MatMul_10158,/model/layers.12/self_attn/v_proj/MatMul_output_0,Mul,Reshape,self_attn MatMul name found but fallback pattern is not sufficient for confirmation
3932,/model/layers.12/self_attn/MatMul,attention_qk_score,confirmed,/model/layers.12/self_attn/Mul_8_output_0; /model/layers.12/self_attn/Mul_9_output_0,/model/layers.12/self_attn/MatMul_output_0,Mul; Mul,Add,self_attn/MatMul feeds Add mask path; parents are scaled Q/K-like Mul nodes
3941,/model/layers.12/self_attn/MatMul_1,attention_v_weighted_sum,confirmed,/model/layers.12/self_attn/Where_3_output_0; /model/layers.12/self_attn/Reshape_6_output_0,/model/layers.12/self_attn/MatMul_1_output_0,Where; Reshape,Transpose,self_attn/MatMul_1 follows masked attention probability path and feeds Transpose output path
3950,/model/layers.12/self_attn/o_proj/MatMul,attention_internal_matmul,candidate,/model/layers.12/self_attn/Reshape_7_output_0; onnx::MatMul_10185,/model/layers.12/self_attn/o_proj/MatMul_output_0,Reshape,Cast,self_attn MatMul name found but fallback pattern is not sufficient for confirmation
4020,/model/layers.13/self_attn/q_proj/MatMul,attention_internal_matmul,candidate,/model/layers.13/input_layernorm/Mul_1_output_0; onnx::MatMul_10197,/model/layers.13/self_attn/q_proj/MatMul_output_0,Mul,Reshape,self_attn MatMul name found but fallback pattern is not sufficient for confirmation
4044,/model/layers.13/self_attn/k_proj/MatMul,attention_internal_matmul,candidate,/model/layers.13/input_layernorm/Mul_1_output_0; onnx::MatMul_10204,/model/layers.13/self_attn/k_proj/MatMul_output_0,Mul,Reshape,self_attn MatMul name found but fallback pattern is not sufficient for confirmation
4047,/model/layers.13/self_attn/v_proj/MatMul,attention_internal_matmul,candidate,/model/layers.13/input_layernorm/Mul_1_output_0; onnx::MatMul_10205,/model/layers.13/self_attn/v_proj/MatMul_output_0,Mul,Reshape,self_attn MatMul name found but fallback pattern is not sufficient for confirmation
4226,/model/layers.13/self_attn/MatMul,attention_qk_score,confirmed,/model/layers.13/self_attn/Mul_8_output_0; /model/layers.13/self_attn/Mul_9_output_0,/model/layers.13/self_attn/MatMul_output_0,Mul; Mul,Add,self_attn/MatMul feeds Add mask path; parents are scaled Q/K-like Mul nodes
4235,/model/layers.13/self_attn/MatMul_1,attention_v_weighted_sum,confirmed,/model/layers.13/self_attn/Where_3_output_0; /model/layers.13/self_attn/Reshape_6_output_0,/model/layers.13/self_attn/MatMul_1_output_0,Where; Reshape,Transpose,self_attn/MatMul_1 follows masked attention probability path and feeds Transpose output path
4244,/model/layers.13/self_attn/o_proj/MatMul,attention_internal_matmul,candidate,/model/layers.13/self_attn/Reshape_7_output_0; onnx::MatMul_10232,/model/layers.13/self_attn/o_proj/MatMul_output_0,Reshape,Cast,self_attn MatMul name found but fallback pattern is not sufficient for confirmation
4314,/model/layers.14/self_attn/q_proj/MatMul,attention_internal_matmul,candidate,/model/layers.14/input_layernorm/Mul_1_output_0; onnx::MatMul_10244,/model/layers.14/self_attn/q_proj/MatMul_output_0,Mul,Reshape,self_attn MatMul name found but fallback pattern is not sufficient for confirmation
4338,/model/layers.14/self_attn/k_proj/MatMul,attention_internal_matmul,candidate,/model/layers.14/input_layernorm/Mul_1_output_0; onnx::MatMul_10251,/model/layers.14/self_attn/k_proj/MatMul_output_0,Mul,Reshape,self_attn MatMul name found but fallback pattern is not sufficient for confirmation
4341,/model/layers.14/self_attn/v_proj/MatMul,attention_internal_matmul,candidate,/model/layers.14/input_layernorm/Mul_1_output_0; onnx::MatMul_10252,/model/layers.14/self_attn/v_proj/MatMul_output_0,Mul,Reshape,self_attn MatMul name found but fallback pattern is not sufficient for confirmation
4520,/model/layers.14/self_attn/MatMul,attention_qk_score,confirmed,/model/layers.14/self_attn/Mul_8_output_0; /model/layers.14/self_attn/Mul_9_output_0,/model/layers.14/self_attn/MatMul_output_0,Mul; Mul,Add,self_attn/MatMul feeds Add mask path; parents are scaled Q/K-like Mul nodes
4529,/model/layers.14/self_attn/MatMul_1,attention_v_weighted_sum,confirmed,/model/layers.14/self_attn/Where_3_output_0; /model/layers.14/self_attn/Reshape_6_output_0,/model/layers.14/self_attn/MatMul_1_output_0,Where; Reshape,Transpose,self_attn/MatMul_1 follows masked attention probability path and feeds Transpose output path
4538,/model/layers.14/self_attn/o_proj/MatMul,attention_internal_matmul,candidate,/model/layers.14/self_attn/Reshape_7_output_0; onnx::MatMul_10279,/model/layers.14/self_attn/o_proj/MatMul_output_0,Reshape,Cast,self_attn MatMul name found but fallback pattern is not sufficient for confirmation
4608,/model/layers.15/self_attn/q_proj/MatMul,attention_internal_matmul,candidate,/model/layers.15/input_layernorm/Mul_1_output_0; onnx::MatMul_10291,/model/layers.15/self_attn/q_proj/MatMul_output_0,Mul,Reshape,self_attn MatMul name found but fallback pattern is not sufficient for confirmation
4632,/model/layers.15/self_attn/k_proj/MatMul,attention_internal_matmul,candidate,/model/layers.15/input_layernorm/Mul_1_output_0; onnx::MatMul_10298,/model/layers.15/self_attn/k_proj/MatMul_output_0,Mul,Reshape,self_attn MatMul name found but fallback pattern is not sufficient for confirmation
4635,/model/layers.15/self_attn/v_proj/MatMul,attention_internal_matmul,candidate,/model/layers.15/input_layernorm/Mul_1_output_0; onnx::MatMul_10299,/model/layers.15/self_attn/v_proj/MatMul_output_0,Mul,Reshape,self_attn MatMul name found but fallback pattern is not sufficient for confirmation
4814,/model/layers.15/self_attn/MatMul,attention_qk_score,confirmed,/model/layers.15/self_attn/Mul_8_output_0; /model/layers.15/self_attn/Mul_9_output_0,/model/layers.15/self_attn/MatMul_output_0,Mul; Mul,Add,self_attn/MatMul feeds Add mask path; parents are scaled Q/K-like Mul nodes
4823,/model/layers.15/self_attn/MatMul_1,attention_v_weighted_sum,confirmed,/model/layers.15/self_attn/Where_3_output_0; /model/layers.15/self_attn/Reshape_6_output_0,/model/layers.15/self_attn/MatMul_1_output_0,Where; Reshape,Transpose,self_attn/MatMul_1 follows masked attention probability path and feeds Transpose output path
4832,/model/layers.15/self_attn/o_proj/MatMul,attention_internal_matmul,candidate,/model/layers.15/self_attn/Reshape_7_output_0; onnx::MatMul_10326,/model/layers.15/self_attn/o_proj/MatMul_output_0,Reshape,Cast,self_attn MatMul name found but fallback pattern is not sufficient for confirmation
4902,/model/layers.16/self_attn/q_proj/MatMul,attention_internal_matmul,candidate,/model/layers.16/input_layernorm/Mul_1_output_0; onnx::MatMul_10338,/model/layers.16/self_attn/q_proj/MatMul_output_0,Mul,Reshape,self_attn MatMul name found but fallback pattern is not sufficient for confirmation
4926,/model/layers.16/self_attn/k_proj/MatMul,attention_internal_matmul,candidate,/model/layers.16/input_layernorm/Mul_1_output_0; onnx::MatMul_10345,/model/layers.16/self_attn/k_proj/MatMul_output_0,Mul,Reshape,self_attn MatMul name found but fallback pattern is not sufficient for confirmation
4929,/model/layers.16/self_attn/v_proj/MatMul,attention_internal_matmul,candidate,/model/layers.16/input_layernorm/Mul_1_output_0; onnx::MatMul_10346,/model/layers.16/self_attn/v_proj/MatMul_output_0,Mul,Reshape,self_attn MatMul name found but fallback pattern is not sufficient for confirmation
5108,/model/layers.16/self_attn/MatMul,attention_qk_score,confirmed,/model/layers.16/self_attn/Mul_8_output_0; /model/layers.16/self_attn/Mul_9_output_0,/model/layers.16/self_attn/MatMul_output_0,Mul; Mul,Add,self_attn/MatMul feeds Add mask path; parents are scaled Q/K-like Mul nodes
5117,/model/layers.16/self_attn/MatMul_1,attention_v_weighted_sum,confirmed,/model/layers.16/self_attn/Where_3_output_0; /model/layers.16/self_attn/Reshape_6_output_0,/model/layers.16/self_attn/MatMul_1_output_0,Where; Reshape,Transpose,self_attn/MatMul_1 follows masked attention probability path and feeds Transpose output path
5126,/model/layers.16/self_attn/o_proj/MatMul,attention_internal_matmul,candidate,/model/layers.16/self_attn/Reshape_7_output_0; onnx::MatMul_10373,/model/layers.16/self_attn/o_proj/MatMul_output_0,Reshape,Cast,self_attn MatMul name found but fallback pattern is not sufficient for confirmation
5196,/model/layers.17/self_attn/q_proj/MatMul,attention_internal_matmul,candidate,/model/layers.17/input_layernorm/Mul_1_output_0; onnx::MatMul_10385,/model/layers.17/self_attn/q_proj/MatMul_output_0,Mul,Reshape,self_attn MatMul name found but fallback pattern is not sufficient for confirmation
5220,/model/layers.17/self_attn/k_proj/MatMul,attention_internal_matmul,candidate,/model/layers.17/input_layernorm/Mul_1_output_0; onnx::MatMul_10392,/model/layers.17/self_attn/k_proj/MatMul_output_0,Mul,Reshape,self_attn MatMul name found but fallback pattern is not sufficient for confirmation
5223,/model/layers.17/self_attn/v_proj/MatMul,attention_internal_matmul,candidate,/model/layers.17/input_layernorm/Mul_1_output_0; onnx::MatMul_10393,/model/layers.17/self_attn/v_proj/MatMul_output_0,Mul,Reshape,self_attn MatMul name found but fallback pattern is not sufficient for confirmation
5402,/model/layers.17/self_attn/MatMul,attention_qk_score,confirmed,/model/layers.17/self_attn/Mul_8_output_0; /model/layers.17/self_attn/Mul_9_output_0,/model/layers.17/self_attn/MatMul_output_0,Mul; Mul,Add,self_attn/MatMul feeds Add mask path; parents are scaled Q/K-like Mul nodes
5411,/model/layers.17/self_attn/MatMul_1,attention_v_weighted_sum,confirmed,/model/layers.17/self_attn/Where_3_output_0; /model/layers.17/self_attn/Reshape_6_output_0,/model/layers.17/self_attn/MatMul_1_output_0,Where; Reshape,Transpose,self_attn/MatMul_1 follows masked attention probability path and feeds Transpose output path
5420,/model/layers.17/self_attn/o_proj/MatMul,attention_internal_matmul,candidate,/model/layers.17/self_attn/Reshape_7_output_0; onnx::MatMul_10420,/model/layers.17/self_attn/o_proj/MatMul_output_0,Reshape,Cast,self_attn MatMul name found but fallback pattern is not sufficient for confirmation
5490,/model/layers.18/self_attn/q_proj/MatMul,attention_internal_matmul,candidate,/model/layers.18/input_layernorm/Mul_1_output_0; onnx::MatMul_10432,/model/layers.18/self_attn/q_proj/MatMul_output_0,Mul,Reshape,self_attn MatMul name found but fallback pattern is not sufficient for confirmation
5514,/model/layers.18/self_attn/k_proj/MatMul,attention_internal_matmul,candidate,/model/layers.18/input_layernorm/Mul_1_output_0; onnx::MatMul_10439,/model/layers.18/self_attn/k_proj/MatMul_output_0,Mul,Reshape,self_attn MatMul name found but fallback pattern is not sufficient for confirmation
5517,/model/layers.18/self_attn/v_proj/MatMul,attention_internal_matmul,candidate,/model/layers.18/input_layernorm/Mul_1_output_0; onnx::MatMul_10440,/model/layers.18/self_attn/v_proj/MatMul_output_0,Mul,Reshape,self_attn MatMul name found but fallback pattern is not sufficient for confirmation
5696,/model/layers.18/self_attn/MatMul,attention_qk_score,confirmed,/model/layers.18/self_attn/Mul_8_output_0; /model/layers.18/self_attn/Mul_9_output_0,/model/layers.18/self_attn/MatMul_output_0,Mul; Mul,Add,self_attn/MatMul feeds Add mask path; parents are scaled Q/K-like Mul nodes
5705,/model/layers.18/self_attn/MatMul_1,attention_v_weighted_sum,confirmed,/model/layers.18/self_attn/Where_3_output_0; /model/layers.18/self_attn/Reshape_6_output_0,/model/layers.18/self_attn/MatMul_1_output_0,Where; Reshape,Transpose,self_attn/MatMul_1 follows masked attention probability path and feeds Transpose output path
5714,/model/layers.18/self_attn/o_proj/MatMul,attention_internal_matmul,candidate,/model/layers.18/self_attn/Reshape_7_output_0; onnx::MatMul_10467,/model/layers.18/self_attn/o_proj/MatMul_output_0,Reshape,Cast,self_attn MatMul name found but fallback pattern is not sufficient for confirmation
5784,/model/layers.19/self_attn/q_proj/MatMul,attention_internal_matmul,candidate,/model/layers.19/input_layernorm/Mul_1_output_0; onnx::MatMul_10479,/model/layers.19/self_attn/q_proj/MatMul_output_0,Mul,Reshape,self_attn MatMul name found but fallback pattern is not sufficient for confirmation
5808,/model/layers.19/self_attn/k_proj/MatMul,attention_internal_matmul,candidate,/model/layers.19/input_layernorm/Mul_1_output_0; onnx::MatMul_10486,/model/layers.19/self_attn/k_proj/MatMul_output_0,Mul,Reshape,self_attn MatMul name found but fallback pattern is not sufficient for confirmation
5811,/model/layers.19/self_attn/v_proj/MatMul,attention_internal_matmul,candidate,/model/layers.19/input_layernorm/Mul_1_output_0; onnx::MatMul_10487,/model/layers.19/self_attn/v_proj/MatMul_output_0,Mul,Reshape,self_attn MatMul name found but fallback pattern is not sufficient for confirmation
5990,/model/layers.19/self_attn/MatMul,attention_qk_score,confirmed,/model/layers.19/self_attn/Mul_8_output_0; /model/layers.19/self_attn/Mul_9_output_0,/model/layers.19/self_attn/MatMul_output_0,Mul; Mul,Add,self_attn/MatMul feeds Add mask path; parents are scaled Q/K-like Mul nodes
5999,/model/layers.19/self_attn/MatMul_1,attention_v_weighted_sum,confirmed,/model/layers.19/self_attn/Where_3_output_0; /model/layers.19/self_attn/Reshape_6_output_0,/model/layers.19/self_attn/MatMul_1_output_0,Where; Reshape,Transpose,self_attn/MatMul_1 follows masked attention probability path and feeds Transpose output path
6008,/model/layers.19/self_attn/o_proj/MatMul,attention_internal_matmul,candidate,/model/layers.19/self_attn/Reshape_7_output_0; onnx::MatMul_10514,/model/layers.19/self_attn/o_proj/MatMul_output_0,Reshape,Cast,self_attn MatMul name found but fallback pattern is not sufficient for confirmation
6078,/model/layers.20/self_attn/q_proj/MatMul,attention_internal_matmul,candidate,/model/layers.20/input_layernorm/Mul_1_output_0; onnx::MatMul_10526,/model/layers.20/self_attn/q_proj/MatMul_output_0,Mul,Reshape,self_attn MatMul name found but fallback pattern is not sufficient for confirmation
6102,/model/layers.20/self_attn/k_proj/MatMul,attention_internal_matmul,candidate,/model/layers.20/input_layernorm/Mul_1_output_0; onnx::MatMul_10533,/model/layers.20/self_attn/k_proj/MatMul_output_0,Mul,Reshape,self_attn MatMul name found but fallback pattern is not sufficient for confirmation
6105,/model/layers.20/self_attn/v_proj/MatMul,attention_internal_matmul,candidate,/model/layers.20/input_layernorm/Mul_1_output_0; onnx::MatMul_10534,/model/layers.20/self_attn/v_proj/MatMul_output_0,Mul,Reshape,self_attn MatMul name found but fallback pattern is not sufficient for confirmation
6284,/model/layers.20/self_attn/MatMul,attention_qk_score,confirmed,/model/layers.20/self_attn/Mul_8_output_0; /model/layers.20/self_attn/Mul_9_output_0,/model/layers.20/self_attn/MatMul_output_0,Mul; Mul,Add,self_attn/MatMul feeds Add mask path; parents are scaled Q/K-like Mul nodes
6293,/model/layers.20/self_attn/MatMul_1,attention_v_weighted_sum,confirmed,/model/layers.20/self_attn/Where_3_output_0; /model/layers.20/self_attn/Reshape_6_output_0,/model/layers.20/self_attn/MatMul_1_output_0,Where; Reshape,Transpose,self_attn/MatMul_1 follows masked attention probability path and feeds Transpose output path
6302,/model/layers.20/self_attn/o_proj/MatMul,attention_internal_matmul,candidate,/model/layers.20/self_attn/Reshape_7_output_0; onnx::MatMul_10561,/model/layers.20/self_attn/o_proj/MatMul_output_0,Reshape,Cast,self_attn MatMul name found but fallback pattern is not sufficient for confirmation
6372,/model/layers.21/self_attn/q_proj/MatMul,attention_internal_matmul,candidate,/model/layers.21/input_layernorm/Mul_1_output_0; onnx::MatMul_10573,/model/layers.21/self_attn/q_proj/MatMul_output_0,Mul,Reshape,self_attn MatMul name found but fallback pattern is not sufficient for confirmation
6396,/model/layers.21/self_attn/k_proj/MatMul,attention_internal_matmul,candidate,/model/layers.21/input_layernorm/Mul_1_output_0; onnx::MatMul_10580,/model/layers.21/self_attn/k_proj/MatMul_output_0,Mul,Reshape,self_attn MatMul name found but fallback pattern is not sufficient for confirmation
6399,/model/layers.21/self_attn/v_proj/MatMul,attention_internal_matmul,candidate,/model/layers.21/input_layernorm/Mul_1_output_0; onnx::MatMul_10581,/model/layers.21/self_attn/v_proj/MatMul_output_0,Mul,Reshape,self_attn MatMul name found but fallback pattern is not sufficient for confirmation
6578,/model/layers.21/self_attn/MatMul,attention_qk_score,confirmed,/model/layers.21/self_attn/Mul_8_output_0; /model/layers.21/self_attn/Mul_9_output_0,/model/layers.21/self_attn/MatMul_output_0,Mul; Mul,Add,self_attn/MatMul feeds Add mask path; parents are scaled Q/K-like Mul nodes
6587,/model/layers.21/self_attn/MatMul_1,attention_v_weighted_sum,confirmed,/model/layers.21/self_attn/Where_3_output_0; /model/layers.21/self_attn/Reshape_6_output_0,/model/layers.21/self_attn/MatMul_1_output_0,Where; Reshape,Transpose,self_attn/MatMul_1 follows masked attention probability path and feeds Transpose output path
6596,/model/layers.21/self_attn/o_proj/MatMul,attention_internal_matmul,candidate,/model/layers.21/self_attn/Reshape_7_output_0; onnx::MatMul_10608,/model/layers.21/self_attn/o_proj/MatMul_output_0,Reshape,Cast,self_attn MatMul name found but fallback pattern is not sufficient for confirmation
6666,/model/layers.22/self_attn/q_proj/MatMul,attention_internal_matmul,candidate,/model/layers.22/input_layernorm/Mul_1_output_0; onnx::MatMul_10620,/model/layers.22/self_attn/q_proj/MatMul_output_0,Mul,Reshape,self_attn MatMul name found but fallback pattern is not sufficient for confirmation
6690,/model/layers.22/self_attn/k_proj/MatMul,attention_internal_matmul,candidate,/model/layers.22/input_layernorm/Mul_1_output_0; onnx::MatMul_10627,/model/layers.22/self_attn/k_proj/MatMul_output_0,Mul,Reshape,self_attn MatMul name found but fallback pattern is not sufficient for confirmation
6693,/model/layers.22/self_attn/v_proj/MatMul,attention_internal_matmul,candidate,/model/layers.22/input_layernorm/Mul_1_output_0; onnx::MatMul_10628,/model/layers.22/self_attn/v_proj/MatMul_output_0,Mul,Reshape,self_attn MatMul name found but fallback pattern is not sufficient for confirmation
6872,/model/layers.22/self_attn/MatMul,attention_qk_score,confirmed,/model/layers.22/self_attn/Mul_8_output_0; /model/layers.22/self_attn/Mul_9_output_0,/model/layers.22/self_attn/MatMul_output_0,Mul; Mul,Add,self_attn/MatMul feeds Add mask path; parents are scaled Q/K-like Mul nodes
6881,/model/layers.22/self_attn/MatMul_1,attention_v_weighted_sum,confirmed,/model/layers.22/self_attn/Where_3_output_0; /model/layers.22/self_attn/Reshape_6_output_0,/model/layers.22/self_attn/MatMul_1_output_0,Where; Reshape,Transpose,self_attn/MatMul_1 follows masked attention probability path and feeds Transpose output path
6890,/model/layers.22/self_attn/o_proj/MatMul,attention_internal_matmul,candidate,/model/layers.22/self_attn/Reshape_7_output_0; onnx::MatMul_10655,/model/layers.22/self_attn/o_proj/MatMul_output_0,Reshape,Cast,self_attn MatMul name found but fallback pattern is not sufficient for confirmation
6960,/model/layers.23/self_attn/q_proj/MatMul,attention_internal_matmul,candidate,/model/layers.23/input_layernorm/Mul_1_output_0; onnx::MatMul_10667,/model/layers.23/self_attn/q_proj/MatMul_output_0,Mul,Reshape,self_attn MatMul name found but fallback pattern is not sufficient for confirmation
6984,/model/layers.23/self_attn/k_proj/MatMul,attention_internal_matmul,candidate,/model/layers.23/input_layernorm/Mul_1_output_0; onnx::MatMul_10674,/model/layers.23/self_attn/k_proj/MatMul_output_0,Mul,Reshape,self_attn MatMul name found but fallback pattern is not sufficient for confirmation
6987,/model/layers.23/self_attn/v_proj/MatMul,attention_internal_matmul,candidate,/model/layers.23/input_layernorm/Mul_1_output_0; onnx::MatMul_10675,/model/layers.23/self_attn/v_proj/MatMul_output_0,Mul,Reshape,self_attn MatMul name found but fallback pattern is not sufficient for confirmation
7166,/model/layers.23/self_attn/MatMul,attention_qk_score,confirmed,/model/layers.23/self_attn/Mul_8_output_0; /model/layers.23/self_attn/Mul_9_output_0,/model/layers.23/self_attn/MatMul_output_0,Mul; Mul,Add,self_attn/MatMul feeds Add mask path; parents are scaled Q/K-like Mul nodes
7175,/model/layers.23/self_attn/MatMul_1,attention_v_weighted_sum,confirmed,/model/layers.23/self_attn/Where_3_output_0; /model/layers.23/self_attn/Reshape_6_output_0,/model/layers.23/self_attn/MatMul_1_output_0,Where; Reshape,Transpose,self_attn/MatMul_1 follows masked attention probability path and feeds Transpose output path
7184,/model/layers.23/self_attn/o_proj/MatMul,attention_internal_matmul,candidate,/model/layers.23/self_attn/Reshape_7_output_0; onnx::MatMul_10702,/model/layers.23/self_attn/o_proj/MatMul_output_0,Reshape,Cast,self_attn MatMul name found but fallback pattern is not sufficient for confirmation
7254,/model/layers.24/self_attn/q_proj/MatMul,attention_internal_matmul,candidate,/model/layers.24/input_layernorm/Mul_1_output_0; onnx::MatMul_10714,/model/layers.24/self_attn/q_proj/MatMul_output_0,Mul,Reshape,self_attn MatMul name found but fallback pattern is not sufficient for confirmation
7278,/model/layers.24/self_attn/k_proj/MatMul,attention_internal_matmul,candidate,/model/layers.24/input_layernorm/Mul_1_output_0; onnx::MatMul_10721,/model/layers.24/self_attn/k_proj/MatMul_output_0,Mul,Reshape,self_attn MatMul name found but fallback pattern is not sufficient for confirmation
7281,/model/layers.24/self_attn/v_proj/MatMul,attention_internal_matmul,candidate,/model/layers.24/input_layernorm/Mul_1_output_0; onnx::MatMul_10722,/model/layers.24/self_attn/v_proj/MatMul_output_0,Mul,Reshape,self_attn MatMul name found but fallback pattern is not sufficient for confirmation
7460,/model/layers.24/self_attn/MatMul,attention_qk_score,confirmed,/model/layers.24/self_attn/Mul_8_output_0; /model/layers.24/self_attn/Mul_9_output_0,/model/layers.24/self_attn/MatMul_output_0,Mul; Mul,Add,self_attn/MatMul feeds Add mask path; parents are scaled Q/K-like Mul nodes
7469,/model/layers.24/self_attn/MatMul_1,attention_v_weighted_sum,confirmed,/model/layers.24/self_attn/Where_3_output_0; /model/layers.24/self_attn/Reshape_6_output_0,/model/layers.24/self_attn/MatMul_1_output_0,Where; Reshape,Transpose,self_attn/MatMul_1 follows masked attention probability path and feeds Transpose output path
7478,/model/layers.24/self_attn/o_proj/MatMul,attention_internal_matmul,candidate,/model/layers.24/self_attn/Reshape_7_output_0; onnx::MatMul_10749,/model/layers.24/self_attn/o_proj/MatMul_output_0,Reshape,Cast,self_attn MatMul name found but fallback pattern is not sufficient for confirmation
7548,/model/layers.25/self_attn/q_proj/MatMul,attention_internal_matmul,candidate,/model/layers.25/input_layernorm/Mul_1_output_0; onnx::MatMul_10761,/model/layers.25/self_attn/q_proj/MatMul_output_0,Mul,Reshape,self_attn MatMul name found but fallback pattern is not sufficient for confirmation
7572,/model/layers.25/self_attn/k_proj/MatMul,attention_internal_matmul,candidate,/model/layers.25/input_layernorm/Mul_1_output_0; onnx::MatMul_10768,/model/layers.25/self_attn/k_proj/MatMul_output_0,Mul,Reshape,self_attn MatMul name found but fallback pattern is not sufficient for confirmation
7575,/model/layers.25/self_attn/v_proj/MatMul,attention_internal_matmul,candidate,/model/layers.25/input_layernorm/Mul_1_output_0; onnx::MatMul_10769,/model/layers.25/self_attn/v_proj/MatMul_output_0,Mul,Reshape,self_attn MatMul name found but fallback pattern is not sufficient for confirmation
7754,/model/layers.25/self_attn/MatMul,attention_qk_score,confirmed,/model/layers.25/self_attn/Mul_8_output_0; /model/layers.25/self_attn/Mul_9_output_0,/model/layers.25/self_attn/MatMul_output_0,Mul; Mul,Add,self_attn/MatMul feeds Add mask path; parents are scaled Q/K-like Mul nodes
7763,/model/layers.25/self_attn/MatMul_1,attention_v_weighted_sum,confirmed,/model/layers.25/self_attn/Where_3_output_0; /model/layers.25/self_attn/Reshape_6_output_0,/model/layers.25/self_attn/MatMul_1_output_0,Where; Reshape,Transpose,self_attn/MatMul_1 follows masked attention probability path and feeds Transpose output path
7772,/model/layers.25/self_attn/o_proj/MatMul,attention_internal_matmul,candidate,/model/layers.25/self_attn/Reshape_7_output_0; onnx::MatMul_10796,/model/layers.25/self_attn/o_proj/MatMul_output_0,Reshape,Cast,self_attn MatMul name found but fallback pattern is not sufficient for confirmation
